{"cameraMode":{"drawMode":0,"name":"Shaded","section":"Shading Mode"},"sceneLighting":true,"audioPlay":false,"sceneViewState":{"m_AlwaysRefresh":false,"showFog":true,"showSkybox":true,"showFlares":true,"showImageEffects":true,"showParticleSystems":true,"showVisualEffectGraphs":true,"m_FxEnabled":true},"in2DMode":false,"pivot":{"x":-0.10479545593261719,"y":-8.388059616088868,"z":21.45791244506836},"rotation":{"x":0.2791377305984497,"y":-0.0043212780728936199,"z":0.0012563890777528287,"w":0.9602422714233398},"size":42.954219818115237,"orthographic":true}