{"cameraMode":{"drawMode":0,"name":"Shaded","section":"Shading Mode"},"sceneLighting":true,"audioPlay":false,"sceneViewState":{"m_AlwaysRefresh":false,"showFog":true,"showSkybox":true,"showFlares":true,"showImageEffects":true,"showParticleSystems":true,"showVisualEffectGraphs":true,"m_FxEnabled":true},"in2DMode":false,"pivot":{"x":40.461238861083987,"y":77.59724426269531,"z":-0.12109807133674622},"rotation":{"x":-0.0029999972321093084,"y":-0.0012038294225931168,"z":0.000003579688382160384,"w":-0.9999955892562866},"size":70.41339874267578,"orthographic":false}