{"cameraMode":{"drawMode":0,"name":"Shaded","section":"Shading Mode"},"sceneLighting":true,"audioPlay":false,"sceneViewState":{"m_AlwaysRefresh":false,"showFog":true,"showSkybox":true,"showFlares":true,"showImageEffects":true,"showParticleSystems":true,"showVisualEffectGraphs":true,"m_FxEnabled":true},"in2DMode":false,"pivot":{"x":47.842044830322269,"y":-12.414632797241211,"z":-17.975624084472658},"rotation":{"x":0.2614974081516266,"y":0.6366824507713318,"z":-0.24353502690792085,"w":0.6834053993225098},"size":19.040645599365236,"orthographic":true}