{"cameraMode":{"drawMode":0,"name":"Shaded","section":"Shading Mode"},"sceneLighting":true,"audioPlay":false,"sceneViewState":{"m_AlwaysRefresh":false,"showFog":true,"showSkybox":true,"showFlares":true,"showImageEffects":true,"showParticleSystems":true,"showVisualEffectGraphs":true,"m_FxEnabled":true},"in2DMode":false,"pivot":{"x":-3.1264777183532717,"y":66.06307220458985,"z":-86.73848724365235},"rotation":{"x":0.3206428289413452,"y":-0.000002799393314489862,"z":-0.000008002701179066207,"w":0.9472280144691467},"size":20.56546974182129,"orthographic":true}