{"cameraMode":{"drawMode":0,"name":"Shaded","section":"Shading Mode"},"sceneLighting":true,"audioPlay":false,"sceneViewState":{"m_AlwaysRefresh":false,"showFog":true,"showSkybox":true,"showFlares":true,"showImageEffects":true,"showParticleSystems":true,"showVisualEffectGraphs":true,"m_FxEnabled":true},"in2DMode":false,"pivot":{"x":-1.467857837677002,"y":7.283370494842529,"z":27.905607223510743},"rotation":{"x":0.3712669610977173,"y":-0.012537801638245583,"z":0.005005411338061094,"w":0.9284557700157166},"size":34.275238037109378,"orthographic":true}