{"cameraMode":{"drawMode":0,"name":"Shaded","section":"Shading Mode"},"sceneLighting":true,"audioPlay":false,"sceneViewState":{"m_AlwaysRefresh":false,"showFog":true,"showSkybox":true,"showFlares":true,"showImageEffects":true,"showParticleSystems":true,"showVisualEffectGraphs":true,"m_FxEnabled":true},"in2DMode":false,"pivot":{"x":141.79954528808595,"y":188.12646484375,"z":20.031288146972658},"rotation":{"x":0.13277575373649598,"y":0.13369177281856538,"z":-0.018070077523589135,"w":0.9819591045379639},"size":195.82949829101563,"orthographic":false}