{"cameraMode":{"drawMode":0,"name":"Shaded","section":"Shading Mode"},"sceneLighting":true,"audioPlay":false,"sceneViewState":{"m_AlwaysRefresh":false,"showFog":true,"showSkybox":true,"showFlares":true,"showImageEffects":true,"showParticleSystems":true,"showVisualEffectGraphs":true,"m_FxEnabled":true},"in2DMode":false,"pivot":{"x":0.23149678111076356,"y":0.21050578355789185,"z":11.172690391540528},"rotation":{"x":0.0011486733565106989,"y":0.9834192991256714,"z":-0.18138840794563294,"w":0.006190072745084763},"size":0.8660253882408142,"orthographic":true}