{"cameraMode":{"drawMode":0,"name":"Shaded","section":"Shading Mode"},"sceneLighting":true,"audioPlay":false,"sceneViewState":{"m_AlwaysRefresh":false,"showFog":true,"showSkybox":true,"showFlares":true,"showImageEffects":true,"showParticleSystems":true,"showVisualEffectGraphs":true,"m_FxEnabled":true},"in2DMode":false,"pivot":{"x":2.331145763397217,"y":1.0001457929611207,"z":21.631275177001954},"rotation":{"x":0.07880906760692597,"y":0.016762880608439447,"z":-0.0013213915517553688,"w":0.9967851042747498},"size":1.991079568862915,"orthographic":false}