{"cameraMode":{"drawMode":0,"name":"Shaded","section":"Shading Mode"},"sceneLighting":true,"audioPlay":false,"sceneViewState":{"m_AlwaysRefresh":false,"showFog":true,"showSkybox":true,"showFlares":true,"showImageEffects":true,"showParticleSystems":true,"showVisualEffectGraphs":true,"m_FxEnabled":true},"in2DMode":false,"pivot":{"x":0.4792940020561218,"y":1.1926922798156739,"z":3.6300220489501955},"rotation":{"x":-0.06418202072381973,"y":0.5310183167457581,"z":-0.040381547063589099,"w":-0.843997597694397},"size":1.7407164573669434,"orthographic":false}