{"cameraMode":{"drawMode":0,"name":"Shaded","section":"Shading Mode"},"sceneLighting":false,"audioPlay":false,"sceneViewState":{"m_AlwaysRefresh":false,"showFog":true,"showSkybox":false,"showFlares":true,"showImageEffects":true,"showParticleSystems":true,"showVisualEffectGraphs":true,"m_FxEnabled":true},"in2DMode":false,"pivot":{"x":0.16420002281665803,"y":2.112624168395996,"z":0.06097642704844475},"rotation":{"x":0.002476562513038516,"y":0.9975219964981079,"z":0.05091774836182594,"w":-0.04851926863193512},"size":0.6473687291145325,"orthographic":false}