{"cameraMode":{"drawMode":0,"name":"Shaded","section":"Shading Mode"},"sceneLighting":false,"audioPlay":false,"sceneViewState":{"m_AlwaysRefresh":false,"showFog":true,"showSkybox":false,"showFlares":true,"showImageEffects":true,"showParticleSystems":true,"showVisualEffectGraphs":true,"m_FxEnabled":true},"in2DMode":false,"pivot":{"x":0.9855738878250122,"y":1.6696715354919434,"z":-8.276837348937989},"rotation":{"x":-0.00662504555657506,"y":0.9618736505508423,"z":-0.2724302411079407,"w":-0.023382985964417459},"size":0.3080243468284607,"orthographic":true}