{"cameraMode":{"drawMode":0,"name":"Shaded","section":"Shading Mode"},"sceneLighting":false,"audioPlay":false,"sceneViewState":{"m_AlwaysRefresh":false,"showFog":true,"showSkybox":false,"showFlares":true,"showImageEffects":true,"showParticleSystems":true,"showVisualEffectGraphs":true,"m_FxEnabled":true},"in2DMode":false,"pivot":{"x":-0.002984762191772461,"y":1.0956687927246094,"z":0.03685182332992554},"rotation":{"x":0.031448978930711749,"y":-0.9608820676803589,"z":0.12259379774332047,"w":0.24649126827716828},"size":1.6731147766113282,"orthographic":false}