{"cameraMode":{"drawMode":0,"name":"Shaded","section":"Shading Mode"},"sceneLighting":false,"audioPlay":false,"sceneViewState":{"m_AlwaysRefresh":false,"showFog":true,"showSkybox":false,"showFlares":true,"showImageEffects":true,"showParticleSystems":true,"showVisualEffectGraphs":true,"m_FxEnabled":true},"in2DMode":false,"pivot":{"x":-0.013116536661982537,"y":1.3204536437988282,"z":0.05575757473707199},"rotation":{"x":0.046193137764930728,"y":-0.8664351105690002,"z":0.08159656822681427,"w":0.4904788136482239},"size":0.7762700319290161,"orthographic":false}